{
    "name": "Bees",
    "author": "CyberChecker",
    "created": "2024-05-10 12:00:00",
    "requests": [
        {
            "url": "https://httpbin.org/anything",
            "method": "GET",
            "headers": {
                "User-Agent": "Mozilla/5.0 (Windows NT 10.0; Win64; x64) AppleWebKit/537.36 (KHTML, like Gecko) Chrome/91.0.4472.124 Safari/537.36"
            }
        }
    ],
    "success_conditions": [
        {
            "type": "status_code",
            "value": "200"
        }
    ],
    "failure_conditions": [
        {
            "type": "status_code",
            "value": "404"
        }
    ],
    "capture": [
        {
            "name": "ip_address",
            "start": "\"origin\": \"",
            "end": "\""
        }
    ]
}