{
    "name": "Sample Custom",
    "author": "CyberChecker",
    "created": "2024-05-10 12:00:00",
    "requests": [
        {
            "url": "https://httpbin.org/post",
            "method": "POST",
            "headers": {
                "User-Agent": "Mozilla/5.0 (Windows NT 10.0; Win64; x64) AppleWebKit/537.36 (KHTML, like Gecko) Chrome/91.0.4472.124 Safari/537.36",
                "Content-Type": "application/json"
            },
            "json": {
                "username": "{USERNAME}",
                "password": "{PASSWORD}",
                "action": "login"
            }
        }
    ],
    "success_conditions": [
        {
            "type": "status_code",
            "value": "200"
        },
        {
            "type": "json_contains",
            "path": "json.username",
            "value": "{USERNAME}"
        }
    ],
    "failure_conditions": [
        {
            "type": "status_code",
            "value": "401"
        }
    ],
    "capture": [
        {
            "name": "request_id",
            "start": "\"origin\": \"",
            "end": "\""
        }
    ]
}